AppID,239030
AppID,247080
AppID,253230
AppID,268500
AppID,269890
AppID,285800
AppID,294370
AppID,296970
AppID,311690
AppID,319560
AppID,330020
AppID,352720
AppID,353640
AppID,370020
AppID,383230
AppID,409910
AppID,426790
AppID,429620
AppID,435120
AppID,437920
AppID,445980
AppID,447310
AppID,448510
AppID,466560
AppID,477800
AppID,480900
AppID,481510
AppID,490930
AppID,496300
AppID,520370
AppID,527230
AppID,537520
AppID,542100
AppID,546430
AppID,546550
AppID,557340
AppID,566490
AppID,573170
AppID,580200
AppID,582550
AppID,583270
AppID,590380
AppID,595960
AppID,600610
AppID,602320
AppID,619820
AppID,646570
AppID,649790
AppID,654990
AppID,656350
AppID,677120
AppID,686900
AppID,695330
AppID,707030
AppID,719930
AppID,724690
AppID,732160
AppID,736240
AppID,741510
AppID,751780
AppID,761350
AppID,770810
AppID,781130
AppID,792120
AppID,805920
AppID,810660
AppID,813630
AppID,815290
AppID,816720
AppID,821820
AppID,838990
AppID,844980
AppID,845050
AppID,845390
AppID,848030
AppID,850190
AppID,855740
AppID,856890
AppID,861330
AppID,861540
AppID,871410
AppID,873830
AppID,875240
AppID,883970
AppID,886120
AppID,898790
AppID,904360
AppID,909320
AppID,915230
AppID,939620
AppID,940680
AppID,943140
AppID,943260
AppID,953490
AppID,960140
AppID,962580
AppID,965680
AppID,966320
AppID,972770
AppID,985510
AppID,998740
AppID,1000030
AppID,1028730
AppID,1037750
AppID,1040420
AppID,1050160
AppID,1055540
AppID,1056840
AppID,1062810
AppID,1064030
AppID,1071290
AppID,1077450
AppID,1080010
AppID,1080450
AppID,1082430
AppID,1084220
AppID,1092790
AppID,1094760
AppID,1098610
AppID,1102130
AppID,1105670
AppID,1108000
AppID,1117670
AppID,1125370
AppID,1127500
AppID,1135230
AppID,1135690
AppID,1136020
AppID,1138970
AppID,1142080
AppID,1144770
AppID,1163740
AppID,1163930
AppID,1164050
AppID,1166290
AppID,1174680
AppID,1177980
AppID,1181440
AppID,1184760
AppID,1197570
AppID,1202900
AppID,1203180
AppID,1212960
AppID,1221640
AppID,1240450
AppID,1243890
AppID,1247740
AppID,1259580
AppID,1267470
AppID,1269300
AppID,1269710
AppID,1271090
AppID,1272580
AppID,1275790
AppID,1276750
AppID,1276810
AppID,1285270
AppID,1291210
AppID,1292880
AppID,1296400
AppID,1296450
AppID,1296610
AppID,1301390
AppID,1302850
AppID,1307580
AppID,1308940
AppID,1315120
AppID,1315410
AppID,1320490
AppID,1321120
AppID,1322100
AppID,1331340
AppID,1334330
AppID,1335360
AppID,1335680
AppID,1336490
AppID,1337010
AppID,1347600
AppID,1351900
AppID,1359630
AppID,1361320
AppID,1363210
AppID,1367420
AppID,1368120
AppID,1369320
AppID,1370170
AppID,1377900
AppID,1380650
AppID,1382730
AppID,1389550
AppID,1393690
AppID,1397130
AppID,1399670
AppID,1404500
AppID,1404850
AppID,1415570
AppID,1422190
AppID,1425130
AppID,1427340
AppID,1433470
AppID,1443100
AppID,1444300
AppID,1451890
AppID,1454010
AppID,1461360
AppID,1473350
AppID,1479850
AppID,1485650
AppID,1491670
AppID,1493260
AppID,1494260
AppID,1494560
AppID,1496590
AppID,1501610
AppID,1502800
AppID,1514980
AppID,1519710
AppID,1521930
AppID,1527950
AppID,1531010
AppID,1536570
AppID,1536980
AppID,1543820
AppID,1547340
AppID,1549550
AppID,1564560
AppID,1571100
AppID,1574580
AppID,1574820
AppID,1579530
AppID,1585910
AppID,1586800
AppID,1586860
AppID,1587710
AppID,1591220
AppID,1592880
AppID,1593780
AppID,1597720
AppID,1598910
AppID,1599600
AppID,1600370
AppID,1603410
AppID,1605520
AppID,1621760
AppID,1622770
AppID,1627890
AppID,1629520
AppID,1637320
AppID,1637400
AppID,1638390
AppID,1638500
AppID,1639140
AppID,1640350
AppID,1644940
AppID,1647770
AppID,1663040
AppID,1667700
AppID,1668310
AppID,1675760
AppID,1677090
AppID,1678320
AppID,1684820
AppID,1687960
AppID,1688580
AppID,1700040
AppID,1703610
AppID,1706170
AppID,1707400
AppID,1711950
AppID,1717090
AppID,1722660
AppID,1724390
AppID,1724770
AppID,1732750
AppID,1739070
AppID,1740300
AppID,1744970
AppID,1771070
AppID,1775360
AppID,1781010
AppID,1786830
AppID,1795470
AppID,1804890
AppID,1807690
AppID,1807930
AppID,1808320
AppID,1811990
AppID,1812210
AppID,1812970
AppID,1816950
AppID,1819460
AppID,1822550
AppID,1823190
AppID,1825210
AppID,1827600
AppID,1828690
AppID,1837920
AppID,1840710
AppID,1855930
AppID,1857090
AppID,1865930
AppID,1866630
AppID,1868070
AppID,1869580
AppID,1870430
AppID,1875060
AppID,1876590
AppID,1886290
AppID,1889740
AppID,1891600
AppID,1902640
AppID,1906180
AppID,1906830
AppID,1915380
AppID,1923790
AppID,1924360
AppID,1928030
AppID,1937670
AppID,1937710
AppID,1940200
AppID,1953860
AppID,1957760
AppID,1960170
AppID,1960330
AppID,1967510
AppID,1978150
AppID,1980530
AppID,1988550
AppID,1991300
AppID,1996430
AppID,2003990
AppID,2004080
AppID,2008510
AppID,2008980
AppID,2012320
AppID,2014930
AppID,2017610
AppID,2023810
AppID,2026820
AppID,2050590
AppID,2056340
AppID,2056490
AppID,2058340
AppID,2059480
AppID,2060160
AppID,2073910
AppID,2079990
AppID,2082580
AppID,2083900
AppID,2085360
AppID,2086270
AppID,2089140
AppID,2089500
AppID,2093900
AppID,2094910
AppID,2095480
AppID,2097570
AppID,2099010
AppID,2099910
AppID,2100150
AppID,2101800
AppID,2103140
AppID,2110690
AppID,2111090
AppID,2112500
AppID,2113050
AppID,2113120
AppID,2113850
AppID,2115800
AppID,2133760
AppID,2139510
AppID,2140570
AppID,2150490
AppID,2150580
AppID,2153770
AppID,2159960
AppID,2171570
AppID,2171750
AppID,2174460
AppID,2174720
AppID,2176580
AppID,2179850
AppID,2187290
AppID,2189310
AppID,2200780
AppID,2206240
AppID,2212670
AppID,2213990
AppID,2215540
AppID,2219190
AppID,2220070
AppID,2226430
AppID,2228010
AppID,2232320
AppID,2233220
AppID,2237970
AppID,2238010
AppID,2238040
AppID,2239130
AppID,2240080
AppID,2246880
AppID,2266780
AppID,2271030
AppID,2272400
AppID,2275150
AppID,2276930
AppID,2291850
AppID,2292060
AppID,2292650
AppID,2292710
AppID,2294160
AppID,2297650
AppID,2298500
AppID,2301210
AppID,2303350
AppID,2304240
AppID,2305180
AppID,2305210
AppID,2311990
AppID,2318800
AppID,2321350
AppID,2322180
AppID,2325900
AppID,2328650
AppID,2328750
AppID,2331280
AppID,2332930
AppID,2333240
AppID,2336220
AppID,2340510
AppID,2342150
AppID,2348090
AppID,2356780
AppID,2358360
AppID,2363570
AppID,2364770
AppID,2367610
AppID,2374320
AppID,2379780
AppID,2390230
AppID,2393760
AppID,2398350
AppID,2399080
AppID,2400160
AppID,2400510
AppID,2400690
AppID,2407830
AppID,2411560
AppID,2423270
AppID,2427450
AppID,2429270
AppID,2436940
AppID,2437330
AppID,2438210
AppID,2449390
AppID,2455180
AppID,2458430
AppID,2458920
AppID,2459620
AppID,2464880
AppID,2466240
AppID,2467810
AppID,2468100
AppID,2472870
AppID,2476350
AppID,2479960
AppID,2509700
AppID,2512930
AppID,2516820
AppID,2516980
AppID,2521550
AppID,2524480
AppID,2525310
AppID,2533960
AppID,2543490
AppID,2545830
AppID,2547730
AppID,2550790
AppID,2567230
AppID,2572300
AppID,2573930
AppID,2583940
AppID,2593970
AppID,2600720
AppID,2601940
AppID,2602540
AppID,2610050
AppID,2610710
AppID,2611750
AppID,2614360
AppID,2619650
AppID,2621900
AppID,2628420
AppID,2630080
AppID,2637220
AppID,2638050
AppID,2638900
AppID,2644230
AppID,2650730
AppID,2666510
AppID,2667120
AppID,2667410
AppID,2669500
AppID,2678990
AppID,2685810
AppID,2688780
AppID,2695570
AppID,2711030
AppID,2713920
AppID,2725560
AppID,2726350
AppID,2731330
AppID,2736220
AppID,2736840
AppID,2738490
AppID,2742930
AppID,2744010
AppID,2751120
AppID,2751340
AppID,2752720
AppID,2753620
AppID,2757500
AppID,2764070
AppID,2764690
AppID,2781210
AppID,2785570
AppID,2786020
AppID,2788520
AppID,2788960
AppID,2789810
AppID,2790330
AppID,2796010
AppID,2797650
AppID,2802110
AppID,2810050
AppID,2812450
AppID,2812610
AppID,2819210
AppID,2825600
AppID,2832650
AppID,2835570
AppID,2840480
AppID,2843190
AppID,2843640
AppID,2848800
AppID,2849070
AppID,2856370
AppID,2857000
AppID,2860450
AppID,2869340
AppID,2871440
AppID,2874360
AppID,2881800
AppID,2884670
AppID,2888890
AppID,2891020
AppID,2891870
AppID,2892060
AppID,2893130
AppID,2893350
AppID,2895090
AppID,2895430
AppID,2903160
AppID,2904290
AppID,2908050
AppID,2908490
AppID,2919660
AppID,2927780
AppID,2932770
AppID,2934630
AppID,2934990
AppID,2937590
AppID,2946030
AppID,2948560
AppID,2948750
AppID,2955840
AppID,2959770
AppID,2961110
AppID,2963540
AppID,2966850
AppID,2977620
AppID,2978180
AppID,3001000
AppID,3011200
AppID,3013190
AppID,3013460
AppID,3021850
AppID,3035330
AppID,3036710
AppID,3050800
AppID,3055780
AppID,3058140
AppID,3059390
AppID,3066570
AppID,3073990
AppID,3082610
AppID,3084150
AppID,3084260
AppID,3089430
AppID,3092090
AppID,3101620
AppID,3107040
AppID,3107330
AppID,3123120
AppID,3126330
AppID,3137530
AppID,3138780
AppID,3147430
AppID,3151380
AppID,3155810
AppID,3158500
AppID,3164490
AppID,3167540
AppID,3167550
AppID,3168310
AppID,3173130
AppID,3179860
AppID,3187730
AppID,3191030
AppID,3192010
AppID,3194550
AppID,3205380
AppID,3209860
AppID,3212590
AppID,3226750
AppID,3228380
AppID,3232520
AppID,3233960
AppID,3235270
AppID,3239340
AppID,3253860
AppID,3256850
AppID,3263340
AppID,3263710
AppID,3267900
AppID,3269180
AppID,3274940
AppID,3287300
AppID,3291880
AppID,3296920
AppID,3297110
AppID,3298910
AppID,3308870
AppID,3313310
AppID,3314790
AppID,3320370
AppID,3327170
AppID,3330180
AppID,3330250
AppID,3339830
AppID,3343160
AppID,3349610
AppID,3351020
AppID,3360110
AppID,3361470
AppID,3372510
AppID,3372980
AppID,3373670
AppID,3376760
AppID,3377530
AppID,3378950
AppID,3394250
AppID,3399960
AppID,3400150
AppID,3402530
AppID,3405220
AppID,3409460
AppID,3411050
AppID,3411730
AppID,3412400
AppID,3416070
AppID,3421300
AppID,3422700
AppID,3425390
AppID,3428620
AppID,3432920
AppID,3435260
AppID,3437110
AppID,3448930
AppID,3449690
AppID,3451380
AppID,3451440
AppID,3454590
AppID,3456800
AppID,3456880
AppID,3457390
AppID,3461920
AppID,3462210
AppID,3462950
AppID,3481320
AppID,3486520
AppID,3495070
AppID,3503230
AppID,3503440
AppID,3512300
AppID,3522230
AppID,3536380
AppID,3537140
AppID,3544930
AppID,3570430
AppID,3572690
AppID,3580580
AppID,3585390
AppID,3587610
AppID,3612640
AppID,3613270
AppID,3618590
AppID,3631290
AppID,3633760
AppID,3642430
AppID,3645300
AppID,3666980
AppID,3690010
AppID,3697950
AppID,3699690
AppID,3702930
AppID,3704940
AppID,3716650
AppID,3718870
AppID,3723470
AppID,3733740
AppID,3737990
AppID,3763820
AppID,3769130
AppID,3775050
AppID,3797300
AppID,3799100
AppID,3807970
AppID,3820810
AppID,3829430
AppID,3833100
AppID,3833760
AppID,3885520
AppID,3897360
AppID,3898150
AppID,3910500
AppID,3924180
AppID,3930510
AppID,3983860
AppID,3992260
AppID,3993200
AppID,4066520
AppID,4106180
AppID,4135750
AppID,4151520